,step,trainloss,validloss,acc,f1-score
0,0.0,4.176975250244141,,,
1,1.0,4.2013444900512695,,,
2,2.0,4.154175281524658,,,
3,3.0,4.0712785720825195,,,
4,4.0,4.28302526473999,,,
5,5.0,4.146846771240234,,,
6,6.0,4.197115421295166,,,
7,7.0,4.174367427825928,,,
8,8.0,4.268733978271484,,,
9,9.0,4.194399356842041,,,
10,10.0,4.210472583770752,,,
11,11.0,4.284651756286621,,,
12,12.0,4.145036220550537,,,
13,13.0,4.312199592590332,,,
14,14.0,4.131037712097168,,,
15,15.0,4.143445014953613,,,
16,16.0,4.147134780883789,,,
17,17.0,4.203081130981445,,,
18,18.0,4.1711015701293945,,,
19,19.0,4.192392349243164,,,
20,20.0,4.125784873962402,,,
21,21.0,4.345423221588135,,,
22,22.0,4.337371826171875,,,
23,23.0,4.335136890411377,,,
24,24.0,4.313532829284668,,,
25,25.0,4.282955169677734,,,
26,26.0,4.279283046722412,,,
27,27.0,4.195794582366943,,,
28,28.0,4.231745719909668,,,
29,29.0,4.301364898681641,,,
30,30.0,4.180542945861816,,,
31,31.0,4.243268966674805,,,
32,32.0,4.170204162597656,,,
33,33.0,4.305724143981934,,,
34,34.0,4.185889720916748,,,
35,35.0,4.121512413024902,,,
36,36.0,4.222042083740234,,,
37,37.0,4.2678093910217285,,,
38,38.0,4.268001556396484,,,
39,39.0,4.240162372589111,,,
40,40.0,4.117794990539551,,,
41,41.0,4.120316028594971,,,
42,42.0,4.249642372131348,,,
43,43.0,4.130697727203369,,,
44,44.0,4.226863861083984,,,
45,45.0,4.303422927856445,,,
46,46.0,4.179623603820801,,,
47,47.0,4.108765125274658,,,
48,48.0,4.317269802093506,,,
49,49.0,4.300146102905273,,,
50,50.0,4.287775039672852,,,
51,51.0,4.183701992034912,,,
52,52.0,4.28143310546875,,,
53,53.0,4.281935691833496,,,
54,54.0,4.2706146240234375,,,
55,55.0,4.264761447906494,,,
56,56.0,4.261257171630859,,,
57,57.0,4.2655744552612305,,,
58,58.0,4.246957302093506,,,
59,59.0,4.224698543548584,,,
60,60.0,4.158158302307129,,,
61,61.0,4.186316967010498,,,
62,62.0,4.222212314605713,,,
63,63.0,4.2644362449646,,,
64,64.0,4.246618270874023,,,
65,65.0,4.235673904418945,0.1588733449126735,0.022727272727272728,0.008088402825244931
66,66.0,4.165651321411133,,,
67,67.0,4.124650955200195,,,
68,68.0,4.248600482940674,,,
69,69.0,4.162928104400635,,,
70,70.0,4.192300796508789,,,
71,71.0,4.214722633361816,,,
72,72.0,4.197322368621826,,,
73,73.0,4.192531585693359,,,
74,74.0,4.15679931640625,,,
75,75.0,4.197343826293945,,,
76,76.0,4.179157733917236,,,
77,77.0,4.22491455078125,,,
78,78.0,4.237778663635254,,,
79,79.0,4.1230950355529785,,,
80,80.0,4.143407344818115,,,
81,81.0,4.217584133148193,,,
82,82.0,4.236299514770508,,,
83,83.0,4.251954078674316,,,
84,84.0,4.228151798248291,,,
85,85.0,4.243119239807129,,,
86,86.0,4.194273948669434,,,
87,87.0,4.130626201629639,,,
88,88.0,4.235483169555664,,,
89,89.0,4.165828227996826,,,
90,90.0,4.214633941650391,,,
91,91.0,4.1981282234191895,,,
92,92.0,4.0960693359375,,,
93,93.0,4.084309101104736,,,
94,94.0,4.109496116638184,,,
95,95.0,4.199646949768066,,,
96,96.0,4.213595390319824,,,
97,97.0,4.183319091796875,,,
98,98.0,4.147268772125244,,,
99,99.0,4.18112325668335,,,
100,100.0,4.274519443511963,,,
101,101.0,4.222436904907227,,,
102,102.0,4.267304420471191,,,
103,103.0,4.212687015533447,,,
104,104.0,4.260247230529785,,,
105,105.0,4.159610748291016,,,
106,106.0,4.1715192794799805,,,
107,107.0,4.185101509094238,,,
108,108.0,4.175480842590332,,,
109,109.0,4.175407886505127,,,
110,110.0,4.317926406860352,,,
111,111.0,4.343728065490723,,,
112,112.0,4.1941328048706055,,,
113,113.0,4.240897178649902,,,
114,114.0,4.286593914031982,,,
115,115.0,4.191081523895264,,,
116,116.0,4.226797580718994,,,
117,117.0,4.202061176300049,,,
118,118.0,4.209251403808594,,,
119,119.0,4.213107109069824,,,
120,120.0,4.04876184463501,,,
121,121.0,4.016910552978516,,,
122,122.0,4.174532890319824,,,
123,123.0,4.011191368103027,,,
124,124.0,4.038987159729004,,,
125,125.0,4.111721992492676,,,
126,126.0,4.045926570892334,,,
127,127.0,4.116792678833008,,,
128,128.0,4.0323638916015625,,,
129,129.0,4.145131587982178,,,
130,130.0,3.9661171436309814,,,
131,131.0,4.074406147003174,0.15248265952774973,0.12878787878787878,0.07856099941824476
132,132.0,4.152792930603027,,,
133,133.0,4.046458721160889,,,
134,134.0,3.8700268268585205,,,
135,135.0,4.021583557128906,,,
136,136.0,3.7552220821380615,,,
137,137.0,3.9904208183288574,,,
138,138.0,3.7352280616760254,,,
139,139.0,3.769775390625,,,
140,140.0,3.9587643146514893,,,
141,141.0,3.8591082096099854,,,
142,142.0,3.980463743209839,,,
143,143.0,3.679698944091797,,,
144,144.0,3.9170117378234863,,,
145,145.0,4.211589813232422,,,
146,146.0,3.7698726654052734,,,
147,147.0,3.9153778553009033,,,
148,148.0,4.088042259216309,,,
149,149.0,3.9353110790252686,,,
150,150.0,4.003629684448242,,,
151,151.0,3.8138787746429443,,,
152,152.0,3.795473337173462,,,
153,153.0,3.9291017055511475,,,
154,154.0,3.7696428298950195,,,
155,155.0,3.867187976837158,,,
156,156.0,3.815540075302124,,,
157,157.0,4.0446553230285645,,,
158,158.0,3.9068984985351562,,,
159,159.0,3.7399892807006836,,,
160,160.0,3.3281538486480713,,,
161,161.0,3.7302474975585938,,,
162,162.0,3.793462038040161,,,
163,163.0,3.502903699874878,,,
164,164.0,3.631223678588867,,,
165,165.0,3.662789821624756,,,
166,166.0,3.8069024085998535,,,
167,167.0,3.806753158569336,,,
168,168.0,3.816899299621582,,,
169,169.0,3.48513126373291,,,
170,170.0,3.681981325149536,,,
171,171.0,3.429474115371704,,,
172,172.0,3.6286065578460693,,,
173,173.0,3.6185855865478516,,,
174,174.0,3.814298629760742,,,
175,175.0,3.720073699951172,,,
176,176.0,3.616412878036499,,,
177,177.0,3.2659144401550293,,,
178,178.0,3.6322789192199707,,,
179,179.0,3.833811044692993,,,
180,180.0,3.5867161750793457,,,
181,181.0,3.892892599105835,,,
182,182.0,3.574082612991333,,,
183,183.0,3.58915638923645,,,
184,184.0,3.2535338401794434,,,
185,185.0,3.7729971408843994,,,
186,186.0,3.445045232772827,,,
187,187.0,3.6679461002349854,,,
188,188.0,3.27368426322937,,,
189,189.0,3.740140914916992,,,
190,190.0,3.3969638347625732,,,
191,191.0,3.7136194705963135,,,
192,192.0,3.5001938343048096,,,
193,193.0,3.636712074279785,,,
194,194.0,3.730196952819824,,,
195,195.0,3.364544630050659,,,
196,196.0,3.3477280139923096,,,
197,197.0,3.855954647064209,0.12638858231631192,0.3333333333333333,0.2540997722815905
198,198.0,3.029663562774658,,,
199,199.0,3.316371202468872,,,
200,200.0,3.32399845123291,,,
201,201.0,3.2377984523773193,,,
202,202.0,3.2302000522613525,,,
203,203.0,3.482102394104004,,,
204,204.0,3.262124538421631,,,
205,205.0,3.132209062576294,,,
206,206.0,2.9416310787200928,,,
207,207.0,2.896231174468994,,,
208,208.0,2.978757858276367,,,
209,209.0,3.0568087100982666,,,
210,210.0,2.9761970043182373,,,
211,211.0,3.110886573791504,,,
212,212.0,3.070798873901367,,,
213,213.0,2.904435157775879,,,
214,214.0,3.1611621379852295,,,
215,215.0,3.3239424228668213,,,
216,216.0,3.1055870056152344,,,
217,217.0,2.7132413387298584,,,
218,218.0,3.1255340576171875,,,
219,219.0,2.9380979537963867,,,
220,220.0,3.1250054836273193,,,
221,221.0,2.7956349849700928,,,
222,222.0,3.0673065185546875,,,
223,223.0,3.11440372467041,,,
224,224.0,3.4143097400665283,,,
225,225.0,2.990943193435669,,,
226,226.0,2.834994316101074,,,
227,227.0,2.9334356784820557,,,
228,228.0,2.575892210006714,,,
229,229.0,2.629141330718994,,,
230,230.0,2.8846025466918945,,,
231,231.0,2.952319860458374,,,
232,232.0,2.7900619506835938,,,
233,233.0,2.587113857269287,,,
234,234.0,2.5670783519744873,,,
235,235.0,3.228301763534546,,,
236,236.0,2.7493841648101807,,,
237,237.0,2.967927932739258,,,
238,238.0,2.9036507606506348,,,
239,239.0,2.9366958141326904,,,
240,240.0,2.849717855453491,,,
241,241.0,2.886204719543457,,,
242,242.0,2.5985770225524902,,,
243,243.0,2.9568190574645996,,,
244,244.0,2.772745132446289,,,
245,245.0,2.781581401824951,,,
246,246.0,2.743173599243164,,,
247,247.0,2.6030237674713135,,,
248,248.0,3.243480682373047,,,
249,249.0,2.611823320388794,,,
250,250.0,2.6749379634857178,,,
251,251.0,2.872559070587158,,,
252,252.0,2.901406764984131,,,
253,253.0,2.7060656547546387,,,
254,254.0,2.5324106216430664,,,
255,255.0,2.6028270721435547,,,
256,256.0,2.5071849822998047,,,
257,257.0,2.613422393798828,,,
258,258.0,2.7081499099731445,,,
259,259.0,2.613828182220459,,,
260,260.0,2.704770088195801,,,
261,261.0,2.602245330810547,,,
262,262.0,2.7959976196289062,,,
263,263.0,2.6219210624694824,0.0977848388931968,0.6287878787878788,0.5597402597402596
264,264.0,2.6215851306915283,,,
265,265.0,2.4465410709381104,,,
266,266.0,2.009263515472412,,,
267,267.0,2.43806529045105,,,
268,268.0,2.556436777114868,,,
269,269.0,2.309906482696533,,,
270,270.0,2.370983123779297,,,
271,271.0,2.359485387802124,,,
272,272.0,2.3470375537872314,,,
273,273.0,2.3344099521636963,,,
274,274.0,2.4525773525238037,,,
275,275.0,2.3654184341430664,,,
276,276.0,1.7778490781784058,,,
277,277.0,1.8388559818267822,,,
278,278.0,2.251774549484253,,,
279,279.0,2.1978440284729004,,,
280,280.0,2.359204053878784,,,
281,281.0,2.4562065601348877,,,
282,282.0,2.093418598175049,,,
283,283.0,2.341897487640381,,,
284,284.0,2.4594409465789795,,,
285,285.0,2.214390754699707,,,
286,286.0,1.6530121564865112,,,
287,287.0,2.154940605163574,,,
288,288.0,2.1010828018188477,,,
289,289.0,2.1680026054382324,,,
290,290.0,2.129732131958008,,,
291,291.0,2.4890902042388916,,,
292,292.0,2.3852033615112305,,,
293,293.0,2.501919984817505,,,
294,294.0,2.0101263523101807,,,
295,295.0,1.928926706314087,,,
296,296.0,1.9799954891204834,,,
297,297.0,2.597397565841675,,,
298,298.0,2.268895149230957,,,
299,299.0,1.8365638256072998,,,
300,300.0,2.2996554374694824,,,
301,301.0,2.068810224533081,,,
302,302.0,2.0645453929901123,,,
303,303.0,2.464643955230713,,,
304,304.0,1.578436017036438,,,
305,305.0,2.0470645427703857,,,
306,306.0,2.0648844242095947,,,
307,307.0,2.032869577407837,,,
308,308.0,1.808445930480957,,,
309,309.0,1.8608393669128418,,,
310,310.0,1.9281913042068481,,,
311,311.0,2.3012189865112305,,,
312,312.0,1.8355412483215332,,,
313,313.0,1.6384520530700684,,,
314,314.0,2.095031976699829,,,
315,315.0,1.8814935684204102,,,
316,316.0,1.7802743911743164,,,
317,317.0,1.812473177909851,,,
318,318.0,1.7154935598373413,,,
319,319.0,2.0339298248291016,,,
320,320.0,2.0030641555786133,,,
321,321.0,2.378866195678711,,,
322,322.0,1.586167812347412,,,
323,323.0,2.087329864501953,,,
324,324.0,1.9495781660079956,,,
325,325.0,1.80289626121521,,,
326,326.0,1.6118204593658447,,,
327,327.0,2.3003289699554443,,,
328,328.0,1.7328978776931763,,,
329,329.0,2.470778465270996,0.07282748276537115,0.7121212121212122,0.664959114959115
330,330.0,1.708747386932373,,,
331,331.0,1.6044807434082031,,,
332,332.0,1.8388327360153198,,,
333,333.0,1.1907289028167725,,,
334,334.0,1.6054527759552002,,,
335,335.0,1.5217081308364868,,,
336,336.0,1.2452056407928467,,,
337,337.0,1.676688313484192,,,
338,338.0,1.9022231101989746,,,
339,339.0,1.4956496953964233,,,
340,340.0,1.5468580722808838,,,
341,341.0,1.533125638961792,,,
342,342.0,1.9285742044448853,,,
343,343.0,1.6678327322006226,,,
344,344.0,2.2548837661743164,,,
345,345.0,1.6387814283370972,,,
346,346.0,1.6865383386611938,,,
347,347.0,2.171023368835449,,,
348,348.0,1.6380724906921387,,,
349,349.0,1.4757806062698364,,,
350,350.0,1.1948412656784058,,,
351,351.0,1.397807002067566,,,
352,352.0,1.2980531454086304,,,
353,353.0,1.8091285228729248,,,
354,354.0,2.0701828002929688,,,
355,355.0,1.2010815143585205,,,
356,356.0,1.8689205646514893,,,
357,357.0,1.356218695640564,,,
358,358.0,1.4518705606460571,,,
359,359.0,1.174025535583496,,,
360,360.0,1.0416284799575806,,,
361,361.0,1.7056262493133545,,,
362,362.0,1.1448184251785278,,,
363,363.0,1.7313910722732544,,,
364,364.0,1.0631462335586548,,,
365,365.0,1.2552297115325928,,,
366,366.0,1.648149013519287,,,
367,367.0,1.3254945278167725,,,
368,368.0,1.6379649639129639,,,
369,369.0,1.8883275985717773,,,
370,370.0,1.4826452732086182,,,
371,371.0,1.473006248474121,,,
372,372.0,1.434141993522644,,,
373,373.0,1.5723628997802734,,,
374,374.0,1.4467246532440186,,,
375,375.0,1.8750340938568115,,,
376,376.0,1.6152502298355103,,,
377,377.0,1.570286750793457,,,
378,378.0,1.0328313112258911,,,
379,379.0,1.3893983364105225,,,
380,380.0,1.6093826293945312,,,
381,381.0,1.0212132930755615,,,
382,382.0,1.367492914199829,,,
383,383.0,1.660031795501709,,,
384,384.0,1.4244427680969238,,,
385,385.0,1.0694057941436768,,,
386,386.0,1.4685168266296387,,,
387,387.0,1.1794158220291138,,,
388,388.0,1.4265192747116089,,,
389,389.0,1.223659873008728,,,
390,390.0,1.1272693872451782,,,
391,391.0,1.8238492012023926,,,
392,392.0,1.7187303304672241,,,
393,393.0,1.4137365818023682,,,
394,394.0,0.9572291970252991,,,
395,395.0,1.4610861539840698,0.05473430951436361,0.7803030303030303,0.75016835016835
396,396.0,0.8968652486801147,,,
397,397.0,1.0370372533798218,,,
398,398.0,1.271503210067749,,,
399,399.0,1.43014657497406,,,
400,400.0,0.8742555975914001,,,
401,401.0,1.071418046951294,,,
402,402.0,1.2139111757278442,,,
403,403.0,0.8521712422370911,,,
404,404.0,1.346816062927246,,,
405,405.0,1.063062071800232,,,
406,406.0,1.152036190032959,,,
407,407.0,1.005426287651062,,,
408,408.0,0.9857258796691895,,,
409,409.0,1.1545079946517944,,,
410,410.0,1.1688817739486694,,,
411,411.0,1.0254136323928833,,,
412,412.0,1.7467910051345825,,,
413,413.0,1.2272043228149414,,,
414,414.0,1.5688536167144775,,,
415,415.0,0.873367428779602,,,
416,416.0,0.9728238582611084,,,
417,417.0,0.919861912727356,,,
418,418.0,1.1562153100967407,,,
419,419.0,1.4131700992584229,,,
420,420.0,0.9618260860443115,,,
421,421.0,1.1058231592178345,,,
422,422.0,0.773848831653595,,,
423,423.0,1.2188314199447632,,,
424,424.0,1.0430817604064941,,,
425,425.0,1.1850814819335938,,,
426,426.0,1.2029542922973633,,,
427,427.0,0.8853060007095337,,,
428,428.0,1.028327465057373,,,
429,429.0,0.8042795658111572,,,
430,430.0,1.0318392515182495,,,
431,431.0,0.789262592792511,,,
432,432.0,1.318617343902588,,,
433,433.0,1.1699907779693604,,,
434,434.0,1.3511251211166382,,,
435,435.0,0.784239649772644,,,
436,436.0,1.1230509281158447,,,
437,437.0,1.0518195629119873,,,
438,438.0,0.867018461227417,,,
439,439.0,0.7199087142944336,,,
440,440.0,0.9880403280258179,,,
441,441.0,1.1125767230987549,,,
442,442.0,1.0845497846603394,,,
443,443.0,1.1381334066390991,,,
444,444.0,1.1038495302200317,,,
445,445.0,1.046142339706421,,,
446,446.0,0.9223313927650452,,,
447,447.0,1.317681908607483,,,
448,448.0,0.7563744783401489,,,
449,449.0,0.9675664305686951,,,
450,450.0,0.8794660568237305,,,
451,451.0,0.9366123676300049,,,
452,452.0,1.0493013858795166,,,
453,453.0,0.7298886775970459,,,
454,454.0,0.8204388618469238,,,
455,455.0,1.1556191444396973,,,
456,456.0,1.3987833261489868,,,
457,457.0,0.8545631766319275,,,
458,458.0,0.876201331615448,,,
459,459.0,0.9334551692008972,,,
460,460.0,0.8635223507881165,,,
461,461.0,0.5674071907997131,0.04238398192506848,0.8333333333333334,0.8197691197691197
462,462.0,0.6565993428230286,,,
463,463.0,0.8253507614135742,,,
464,464.0,0.6667015552520752,,,
465,465.0,0.7223944664001465,,,
466,466.0,0.8140602707862854,,,
467,467.0,0.5988259315490723,,,
468,468.0,0.64532470703125,,,
469,469.0,0.6597087979316711,,,
470,470.0,0.8967523574829102,,,
471,471.0,0.8741241097450256,,,
472,472.0,0.70808345079422,,,
473,473.0,0.7408199906349182,,,
474,474.0,0.8759095072746277,,,
475,475.0,0.5990582704544067,,,
476,476.0,0.8449293971061707,,,
477,477.0,0.756658136844635,,,
478,478.0,0.5680851340293884,,,
479,479.0,0.7633782625198364,,,
480,480.0,0.7846019268035889,,,
481,481.0,0.5512413382530212,,,
482,482.0,0.6510311365127563,,,
483,483.0,1.0009440183639526,,,
484,484.0,0.7593954205513,,,
485,485.0,0.8455668091773987,,,
486,486.0,0.9086989164352417,,,
487,487.0,0.6149144768714905,,,
488,488.0,0.7911199331283569,,,
489,489.0,0.6639320850372314,,,
490,490.0,0.8908860683441162,,,
491,491.0,0.5633009672164917,,,
492,492.0,0.7591587901115417,,,
493,493.0,0.4765077531337738,,,
494,494.0,0.7606271505355835,,,
495,495.0,0.9127544164657593,,,
496,496.0,0.6391385793685913,,,
497,497.0,0.9281430244445801,,,
498,498.0,0.7427223324775696,,,
499,499.0,0.9135860204696655,,,
500,500.0,0.7608980536460876,,,
501,501.0,0.858084499835968,,,
502,502.0,0.7879865169525146,,,
503,503.0,0.6429842710494995,,,
504,504.0,0.6946439743041992,,,
505,505.0,1.1185389757156372,,,
506,506.0,0.7406772375106812,,,
507,507.0,0.5747532844543457,,,
508,508.0,0.6807961463928223,,,
509,509.0,0.5654041767120361,,,
510,510.0,0.5882313847541809,,,
511,511.0,0.4856787323951721,,,
512,512.0,0.6106421947479248,,,
513,513.0,0.6673383712768555,,,
514,514.0,0.9399549961090088,,,
515,515.0,0.7230181694030762,,,
516,516.0,0.5779390931129456,,,
517,517.0,0.7607194781303406,,,
518,518.0,0.5022104382514954,,,
519,519.0,0.44984474778175354,,,
520,520.0,0.7033299803733826,,,
521,521.0,0.9923524856567383,,,
522,522.0,0.7585036754608154,,,
523,523.0,0.6033217906951904,,,
524,524.0,0.48143959045410156,,,
525,525.0,0.4310491979122162,,,
526,526.0,0.9232741594314575,,,
527,527.0,0.6508975625038147,0.034991408387819924,0.8484848484848485,0.8435064935064935
528,528.0,1.0786834955215454,,,
529,529.0,0.60709148645401,,,
530,530.0,0.6073424220085144,,,
531,531.0,0.6098577976226807,,,
532,532.0,0.9715463519096375,,,
533,533.0,0.5165624618530273,,,
534,534.0,0.5274103879928589,,,
535,535.0,0.5060179829597473,,,
536,536.0,0.6066313982009888,,,
537,537.0,0.42503687739372253,,,
538,538.0,0.4073866009712219,,,
539,539.0,0.7079814672470093,,,
540,540.0,0.41737592220306396,,,
541,541.0,0.4068620204925537,,,
542,542.0,0.47377413511276245,,,
543,543.0,0.3805449604988098,,,
544,544.0,0.528663158416748,,,
545,545.0,0.41845983266830444,,,
546,546.0,0.5863567590713501,,,
547,547.0,0.45481592416763306,,,
548,548.0,0.5076395273208618,,,
549,549.0,0.4437079429626465,,,
550,550.0,0.5347428321838379,,,
551,551.0,0.43803486227989197,,,
552,552.0,0.3752703368663788,,,
553,553.0,0.5205807089805603,,,
554,554.0,0.5722742080688477,,,
555,555.0,0.5203694701194763,,,
556,556.0,0.4561533033847809,,,
557,557.0,0.41677868366241455,,,
558,558.0,0.37400022149086,,,
559,559.0,0.42981162667274475,,,
560,560.0,0.47518450021743774,,,
561,561.0,0.4438110888004303,,,
562,562.0,0.7435654997825623,,,
563,563.0,0.4956452250480652,,,
564,564.0,0.5838285684585571,,,
565,565.0,0.3848356008529663,,,
566,566.0,0.48188358545303345,,,
567,567.0,0.5115524530410767,,,
568,568.0,0.530637264251709,,,
569,569.0,0.48604246973991394,,,
570,570.0,0.3416294455528259,,,
571,571.0,0.46862831711769104,,,
572,572.0,0.7826085686683655,,,
573,573.0,0.391702800989151,,,
574,574.0,0.4418911635875702,,,
575,575.0,0.3754314184188843,,,
576,576.0,0.6465564966201782,,,
577,577.0,0.5989953875541687,,,
578,578.0,0.3530372679233551,,,
579,579.0,0.30021125078201294,,,
580,580.0,0.48771628737449646,,,
581,581.0,0.38553160429000854,,,
582,582.0,0.6132473349571228,,,
583,583.0,0.5301442742347717,,,
584,584.0,0.48547279834747314,,,
585,585.0,0.9377868175506592,,,
586,586.0,0.37890952825546265,,,
587,587.0,0.5461016297340393,,,
588,588.0,0.42564287781715393,,,
589,589.0,0.3583226799964905,,,
590,590.0,0.46755149960517883,,,
591,591.0,0.47974923253059387,,,
592,592.0,0.4662167727947235,,,
593,593.0,0.6186635494232178,0.030683255556857948,0.8484848484848485,0.8354978354978354
594,594.0,0.3560938239097595,,,
595,595.0,0.36654722690582275,,,
596,596.0,0.6949241757392883,,,
597,597.0,0.47451528906822205,,,
598,598.0,0.42469343543052673,,,
599,599.0,0.3573521077632904,,,
600,600.0,0.3974294066429138,,,
601,601.0,0.3974820077419281,,,
602,602.0,0.4424290359020233,,,
603,603.0,0.5145103931427002,,,
604,604.0,0.35492652654647827,,,
605,605.0,0.2933286726474762,,,
606,606.0,0.46657946705818176,,,
607,607.0,0.26841065287590027,,,
608,608.0,0.40389448404312134,,,
609,609.0,0.3969689905643463,,,
610,610.0,0.39229661226272583,,,
611,611.0,0.4949935972690582,,,
612,612.0,0.2951818108558655,,,
613,613.0,0.5143476724624634,,,
614,614.0,0.4343203604221344,,,
615,615.0,0.31809040904045105,,,
616,616.0,0.28920501470565796,,,
617,617.0,0.4289681911468506,,,
618,618.0,0.4706622362136841,,,
619,619.0,0.32713019847869873,,,
620,620.0,0.3816605508327484,,,
621,621.0,0.2647932767868042,,,
622,622.0,0.4853154122829437,,,
623,623.0,0.4646691679954529,,,
624,624.0,0.41473695635795593,,,
625,625.0,0.35604003071784973,,,
626,626.0,0.3857566714286804,,,
627,627.0,0.41508054733276367,,,
628,628.0,0.5379937887191772,,,
629,629.0,0.3802763819694519,,,
630,630.0,0.36083635687828064,,,
631,631.0,0.4653168022632599,,,
632,632.0,0.43012285232543945,,,
633,633.0,0.25338980555534363,,,
634,634.0,0.45619073510169983,,,
635,635.0,0.4046745002269745,,,
636,636.0,0.3620997667312622,,,
637,637.0,0.37977203726768494,,,
638,638.0,0.35689204931259155,,,
639,639.0,0.3677421510219574,,,
640,640.0,0.2639029026031494,,,
641,641.0,0.3745110034942627,,,
642,642.0,0.35240864753723145,,,
643,643.0,0.37089845538139343,,,
644,644.0,0.30356454849243164,,,
645,645.0,0.23620912432670593,,,
646,646.0,0.3315333127975464,,,
647,647.0,0.36685609817504883,,,
648,648.0,0.38911306858062744,,,
649,649.0,0.4787697196006775,,,
650,650.0,0.6147595643997192,,,
651,651.0,0.5958414077758789,,,
652,652.0,0.2924730181694031,,,
653,653.0,0.3593565821647644,,,
654,654.0,0.38154739141464233,,,
655,655.0,0.33649304509162903,,,
656,656.0,0.3445354104042053,,,
657,657.0,0.480145126581192,,,
658,658.0,0.30947938561439514,,,
659,659.0,0.3258535861968994,0.02748532277165037,0.8787878787878788,0.8696969696969697
660,660.0,0.333855003118515,,,
661,661.0,0.32616516947746277,,,
662,662.0,0.32895544171333313,,,
663,663.0,0.27021899819374084,,,
664,664.0,0.24057191610336304,,,
665,665.0,0.21487769484519958,,,
666,666.0,0.2613198459148407,,,
667,667.0,0.348849356174469,,,
668,668.0,0.2870458662509918,,,
669,669.0,0.29709526896476746,,,
670,670.0,0.24493619799613953,,,
671,671.0,0.3987118601799011,,,
672,672.0,0.2852952778339386,,,
673,673.0,0.3489201068878174,,,
674,674.0,0.29092955589294434,,,
675,675.0,0.30006006360054016,,,
676,676.0,0.22528016567230225,,,
677,677.0,0.26141828298568726,,,
678,678.0,0.3651251196861267,,,
679,679.0,0.2690720856189728,,,
680,680.0,0.3392668068408966,,,
681,681.0,0.4117491841316223,,,
682,682.0,0.25763991475105286,,,
683,683.0,0.30862289667129517,,,
684,684.0,0.26897427439689636,,,
685,685.0,0.23796424269676208,,,
686,686.0,0.3236425220966339,,,
687,687.0,0.36317208409309387,,,
688,688.0,0.3682541251182556,,,
689,689.0,0.30861201882362366,,,
690,690.0,0.28759071230888367,,,
691,691.0,0.25226908922195435,,,
692,692.0,0.2612752318382263,,,
693,693.0,0.4011576175689697,,,
694,694.0,0.3082393705844879,,,
695,695.0,0.3314291536808014,,,
696,696.0,0.20092035830020905,,,
697,697.0,0.23081307113170624,,,
698,698.0,0.4326883554458618,,,
699,699.0,0.2743805944919586,,,
700,700.0,0.2588430643081665,,,
701,701.0,0.327138215303421,,,
702,702.0,0.21603018045425415,,,
703,703.0,0.2347072958946228,,,
704,704.0,0.324440598487854,,,
705,705.0,0.38049080967903137,,,
706,706.0,0.29629749059677124,,,
707,707.0,0.2403472661972046,,,
708,708.0,0.191151425242424,,,
709,709.0,0.4018973708152771,,,
710,710.0,0.2604328989982605,,,
711,711.0,0.24845322966575623,,,
712,712.0,0.33679038286209106,,,
713,713.0,0.2812204658985138,,,
714,714.0,0.3831270933151245,,,
715,715.0,0.28747856616973877,,,
716,716.0,0.2907491624355316,,,
717,717.0,0.27006232738494873,,,
718,718.0,0.44201433658599854,,,
719,719.0,0.4674428403377533,,,
720,720.0,0.3188178837299347,,,
721,721.0,0.5253425240516663,,,
722,722.0,0.2597339153289795,,,
723,723.0,0.3789260983467102,,,
724,724.0,0.2665092349052429,,,
725,725.0,0.28426405787467957,0.02489569489703034,0.8787878787878788,0.8733044733044734
726,726.0,0.20230436325073242,,,
727,727.0,0.28081029653549194,,,
728,728.0,0.21283869445323944,,,
729,729.0,0.21553780138492584,,,
730,730.0,0.2980223000049591,,,
731,731.0,0.35395726561546326,,,
732,732.0,0.21092630922794342,,,
733,733.0,0.2680395543575287,,,
734,734.0,0.22265462577342987,,,
735,735.0,0.2661564350128174,,,
736,736.0,0.33853578567504883,,,
737,737.0,0.24459882080554962,,,
738,738.0,0.21204234659671783,,,
739,739.0,0.28547072410583496,,,
740,740.0,0.27990537881851196,,,
741,741.0,0.35776129364967346,,,
742,742.0,0.23253343999385834,,,
743,743.0,0.23315253853797913,,,
744,744.0,0.1711290180683136,,,
745,745.0,0.20506036281585693,,,
746,746.0,0.22717075049877167,,,
747,747.0,0.2312345653772354,,,
748,748.0,0.23761360347270966,,,
749,749.0,0.3354499638080597,,,
750,750.0,0.20451870560646057,,,
751,751.0,0.20770014822483063,,,
752,752.0,0.2297869473695755,,,
753,753.0,0.2042805254459381,,,
754,754.0,0.25122058391571045,,,
755,755.0,0.2016049176454544,,,
756,756.0,0.34596017003059387,,,
757,757.0,0.2548317611217499,,,
758,758.0,0.24318596720695496,,,
759,759.0,0.2328752726316452,,,
760,760.0,0.22312232851982117,,,
761,761.0,0.2790442407131195,,,
762,762.0,0.19045110046863556,,,
763,763.0,0.35504770278930664,,,
764,764.0,0.25015905499458313,,,
765,765.0,0.2298898696899414,,,
766,766.0,0.2418423444032669,,,
767,767.0,0.17637982964515686,,,
768,768.0,0.202487051486969,,,
769,769.0,0.22118106484413147,,,
770,770.0,0.17440930008888245,,,
771,771.0,0.2894582748413086,,,
772,772.0,0.2470882385969162,,,
773,773.0,0.24469351768493652,,,
774,774.0,0.244703009724617,,,
775,775.0,0.2543627917766571,,,
776,776.0,0.2461831271648407,,,
777,777.0,0.25334519147872925,,,
778,778.0,0.15176357328891754,,,
779,779.0,0.23012594878673553,,,
780,780.0,0.26195982098579407,,,
781,781.0,0.20283085107803345,,,
782,782.0,0.2457703948020935,,,
783,783.0,0.2460239976644516,,,
784,784.0,0.23865650594234467,,,
785,785.0,0.2939550280570984,,,
786,786.0,0.21937571465969086,,,
787,787.0,0.23110827803611755,,,
788,788.0,0.21163032948970795,,,
789,789.0,0.2617470920085907,,,
790,790.0,0.22581157088279724,,,
791,791.0,0.2207399606704712,0.024300347223426357,0.8484848484848485,0.840981240981241
792,792.0,0.22264976799488068,,,
793,793.0,0.20123957097530365,,,
794,794.0,0.2370687872171402,,,
795,795.0,0.18290328979492188,,,
796,796.0,0.20011006295681,,,
797,797.0,0.20492041110992432,,,
798,798.0,0.22239336371421814,,,
799,799.0,0.1971156895160675,,,
800,800.0,0.2229575216770172,,,
801,801.0,0.21893146634101868,,,
802,802.0,0.19475550949573517,,,
803,803.0,0.2504344582557678,,,
804,804.0,0.17088502645492554,,,
805,805.0,0.22981643676757812,,,
806,806.0,0.2166631817817688,,,
807,807.0,0.16767330467700958,,,
808,808.0,0.1950647085905075,,,
809,809.0,0.18264003098011017,,,
810,810.0,0.18397271633148193,,,
811,811.0,0.19917011260986328,,,
812,812.0,0.28667590022087097,,,
813,813.0,0.24307432770729065,,,
814,814.0,0.17221699655056,,,
815,815.0,0.21965736150741577,,,
816,816.0,0.21442173421382904,,,
817,817.0,0.31260356307029724,,,
818,818.0,0.1513073593378067,,,
819,819.0,0.17839917540550232,,,
820,820.0,0.20097345113754272,,,
821,821.0,0.22641026973724365,,,
822,822.0,0.2555064857006073,,,
823,823.0,0.1869685798883438,,,
824,824.0,0.1690339297056198,,,
825,825.0,0.208819180727005,,,
826,826.0,0.19558364152908325,,,
827,827.0,0.18875278532505035,,,
828,828.0,0.20667800307273865,,,
829,829.0,0.24068298935890198,,,
830,830.0,0.18914756178855896,,,
831,831.0,0.1694938838481903,,,
832,832.0,0.19013674557209015,,,
833,833.0,0.17437869310379028,,,
834,834.0,0.1869247853755951,,,
835,835.0,0.17238736152648926,,,
836,836.0,0.21061336994171143,,,
837,837.0,0.1753091663122177,,,
838,838.0,0.19148065149784088,,,
839,839.0,0.1977846473455429,,,
840,840.0,0.1668393462896347,,,
841,841.0,0.2307616025209427,,,
842,842.0,0.16912895441055298,,,
843,843.0,0.17168298363685608,,,
844,844.0,0.1750861257314682,,,
845,845.0,0.18527649343013763,,,
846,846.0,0.22384753823280334,,,
847,847.0,0.2188282310962677,,,
848,848.0,0.186298668384552,,,
849,849.0,0.15834128856658936,,,
850,850.0,0.18862128257751465,,,
851,851.0,0.18320311605930328,,,
852,852.0,0.2557682991027832,,,
853,853.0,0.21407251060009003,,,
854,854.0,0.17961904406547546,,,
855,855.0,0.2065541297197342,,,
856,856.0,0.1805439442396164,,,
857,857.0,0.2595449686050415,0.02318625310153672,0.8712121212121212,0.8585858585858587
858,858.0,0.20414218306541443,,,
859,859.0,0.13487398624420166,,,
860,860.0,0.17025363445281982,,,
861,861.0,0.2000020146369934,,,
862,862.0,0.17009983956813812,,,
863,863.0,0.16105543076992035,,,
864,864.0,0.16042180359363556,,,
865,865.0,0.1817820966243744,,,
866,866.0,0.16517740488052368,,,
867,867.0,0.20572231709957123,,,
868,868.0,0.13590863347053528,,,
869,869.0,0.19845068454742432,,,
870,870.0,0.21811437606811523,,,
871,871.0,0.1805792897939682,,,
872,872.0,0.17724938690662384,,,
873,873.0,0.21592780947685242,,,
874,874.0,0.210454523563385,,,
875,875.0,0.2262784093618393,,,
876,876.0,0.19002079963684082,,,
877,877.0,0.17292118072509766,,,
878,878.0,0.13150301575660706,,,
879,879.0,0.16284207999706268,,,
880,880.0,0.22943486273288727,,,
881,881.0,0.1724397987127304,,,
882,882.0,0.19275584816932678,,,
883,883.0,0.17968979477882385,,,
884,884.0,0.2086178958415985,,,
885,885.0,0.14260688424110413,,,
886,886.0,0.20004044473171234,,,
887,887.0,0.16515956819057465,,,
888,888.0,0.1962476223707199,,,
889,889.0,0.17393800616264343,,,
890,890.0,0.169154554605484,,,
891,891.0,0.19920986890792847,,,
892,892.0,0.1623847335577011,,,
893,893.0,0.21059654653072357,,,
894,894.0,0.18791982531547546,,,
895,895.0,0.17433537542819977,,,
896,896.0,0.14172163605690002,,,
897,897.0,0.21247699856758118,,,
898,898.0,0.14451053738594055,,,
899,899.0,0.1598704755306244,,,
900,900.0,0.15104281902313232,,,
901,901.0,0.1947936862707138,,,
902,902.0,0.16481390595436096,,,
903,903.0,0.19032666087150574,,,
904,904.0,0.17960476875305176,,,
905,905.0,0.15370024740695953,,,
906,906.0,0.16054315865039825,,,
907,907.0,0.12940974533557892,,,
908,908.0,0.1757216900587082,,,
909,909.0,0.2077178657054901,,,
910,910.0,0.1933785378932953,,,
911,911.0,0.1663481593132019,,,
912,912.0,0.14321209490299225,,,
913,913.0,0.15360717475414276,,,
914,914.0,0.15175610780715942,,,
915,915.0,0.2231694757938385,,,
916,916.0,0.14929436147212982,,,
917,917.0,0.20494435727596283,,,
918,918.0,0.1366288661956787,,,
919,919.0,0.1706867218017578,,,
920,920.0,0.1551608443260193,,,
921,921.0,0.1804700344800949,,,
922,922.0,0.15767711400985718,,,
923,923.0,0.14064913988113403,0.022502841371478455,0.8636363636363636,0.8515151515151516
924,924.0,0.16803096234798431,,,
925,925.0,0.18950124084949493,,,
926,926.0,0.14436712861061096,,,
927,927.0,0.24069452285766602,,,
928,928.0,0.15292292833328247,,,
929,929.0,0.1796167939901352,,,
930,930.0,0.26577067375183105,,,
931,931.0,0.14847683906555176,,,
932,932.0,0.17339786887168884,,,
933,933.0,0.19493545591831207,,,
934,934.0,0.19590505957603455,,,
935,935.0,0.12344382703304291,,,
936,936.0,0.18246062099933624,,,
937,937.0,0.1648135483264923,,,
938,938.0,0.14583806693553925,,,
939,939.0,0.22776660323143005,,,
940,940.0,0.1426020860671997,,,
941,941.0,0.13709886372089386,,,
942,942.0,0.14139774441719055,,,
943,943.0,0.13897068798542023,,,
944,944.0,0.1749248206615448,,,
945,945.0,0.1717187762260437,,,
946,946.0,0.15353211760520935,,,
947,947.0,0.16146503388881683,,,
948,948.0,0.14698457717895508,,,
949,949.0,0.1509190946817398,,,
950,950.0,0.1380239725112915,,,
951,951.0,0.17446443438529968,,,
952,952.0,0.17772606015205383,,,
953,953.0,0.20226502418518066,,,
954,954.0,0.21412426233291626,,,
955,955.0,0.1464717537164688,,,
956,956.0,0.15073749423027039,,,
957,957.0,0.14578187465667725,,,
958,958.0,0.17290908098220825,,,
959,959.0,0.15441296994686127,,,
960,960.0,0.14838752150535583,,,
961,961.0,0.18358319997787476,,,
962,962.0,0.20541714131832123,,,
963,963.0,0.13454951345920563,,,
964,964.0,0.16854295134544373,,,
965,965.0,0.1456720381975174,,,
966,966.0,0.17744040489196777,,,
967,967.0,0.1681426763534546,,,
968,968.0,0.14368852972984314,,,
969,969.0,0.1288202553987503,,,
970,970.0,0.1388707011938095,,,
971,971.0,0.19165197014808655,,,
972,972.0,0.2081073671579361,,,
973,973.0,0.1364080309867859,,,
974,974.0,0.14894545078277588,,,
975,975.0,0.12964855134487152,,,
976,976.0,0.1411161571741104,,,
977,977.0,0.12643973529338837,,,
978,978.0,0.1369267702102661,,,
979,979.0,0.18522891402244568,,,
980,980.0,0.17628374695777893,,,
981,981.0,0.15315426886081696,,,
982,982.0,0.1458040177822113,,,
983,983.0,0.15895496308803558,,,
984,984.0,0.1326407492160797,,,
985,985.0,0.14705277979373932,,,
986,986.0,0.12435805052518845,,,
987,987.0,0.1419064849615097,,,
988,988.0,0.12193514406681061,,,
989,989.0,0.11986633390188217,0.02202849428762089,0.8560606060606061,0.8434343434343435
990,990.0,0.1825549453496933,,,
991,991.0,0.14651928842067719,,,
992,992.0,0.14713555574417114,,,
993,993.0,0.15148310363292694,,,
994,994.0,0.12603744864463806,,,
995,995.0,0.1962975561618805,,,
996,996.0,0.11924035102128983,,,
997,997.0,0.16247384250164032,,,
998,998.0,0.10682293027639389,,,
999,999.0,0.17829084396362305,,,
1000,1000.0,0.14806783199310303,,,
1001,1001.0,0.13762933015823364,,,
1002,1002.0,0.1564134657382965,,,
1003,1003.0,0.1684955507516861,,,
1004,1004.0,0.1483153998851776,,,
1005,1005.0,0.12391014397144318,,,
1006,1006.0,0.1547013521194458,,,
1007,1007.0,0.12295547127723694,,,
1008,1008.0,0.13133226335048676,,,
1009,1009.0,0.1584814190864563,,,
1010,1010.0,0.13260851800441742,,,
1011,1011.0,0.21463339030742645,,,
1012,1012.0,0.1760101467370987,,,
1013,1013.0,0.13601064682006836,,,
1014,1014.0,0.141580268740654,,,
1015,1015.0,0.15825991332530975,,,
1016,1016.0,0.13493536412715912,,,
1017,1017.0,0.13564564287662506,,,
1018,1018.0,0.12596076726913452,,,
1019,1019.0,0.1293654590845108,,,
1020,1020.0,0.16607575118541718,,,
1021,1021.0,0.18860189616680145,,,
1022,1022.0,0.15856516361236572,,,
1023,1023.0,0.12765882909297943,,,
1024,1024.0,0.14410564303398132,,,
1025,1025.0,0.16337192058563232,,,
1026,1026.0,0.14458858966827393,,,
1027,1027.0,0.1500108540058136,,,
1028,1028.0,0.14170871675014496,,,
1029,1029.0,0.12888982892036438,,,
1030,1030.0,0.15465304255485535,,,
1031,1031.0,0.1480846107006073,,,
1032,1032.0,0.1679517775774002,,,
1033,1033.0,0.1364368349313736,,,
1034,1034.0,0.17016899585723877,,,
1035,1035.0,0.1265934705734253,,,
1036,1036.0,0.14694713056087494,,,
1037,1037.0,0.1544417440891266,,,
1038,1038.0,0.1330108791589737,,,
1039,1039.0,0.13492345809936523,,,
1040,1040.0,0.1471034288406372,,,
1041,1041.0,0.13099302351474762,,,
1042,1042.0,0.13363836705684662,,,
1043,1043.0,0.16098079085350037,,,
1044,1044.0,0.16164086759090424,,,
1045,1045.0,0.11839981377124786,,,
1046,1046.0,0.1183815747499466,,,
1047,1047.0,0.15628936886787415,,,
1048,1048.0,0.15071576833724976,,,
1049,1049.0,0.15766970813274384,,,
1050,1050.0,0.14877739548683167,,,
1051,1051.0,0.1434474140405655,,,
1052,1052.0,0.1459580361843109,,,
1053,1053.0,0.11945058405399323,,,
1054,1054.0,0.13157452642917633,,,
1055,1055.0,0.14729489386081696,0.02151042584216956,0.8712121212121212,0.8585858585858587
1056,1056.0,0.1917441338300705,,,
1057,1057.0,0.1348404735326767,,,
1058,1058.0,0.1365947127342224,,,
1059,1059.0,0.13931117951869965,,,
1060,1060.0,0.09660771489143372,,,
1061,1061.0,0.12389139831066132,,,
1062,1062.0,0.15601560473442078,,,
1063,1063.0,0.14207594096660614,,,
1064,1064.0,0.14330258965492249,,,
1065,1065.0,0.1369970738887787,,,
1066,1066.0,0.14684425294399261,,,
1067,1067.0,0.11724750697612762,,,
1068,1068.0,0.14514455199241638,,,
1069,1069.0,0.14659559726715088,,,
1070,1070.0,0.15048077702522278,,,
1071,1071.0,0.12567837536334991,,,
1072,1072.0,0.11882603913545609,,,
1073,1073.0,0.14954236149787903,,,
1074,1074.0,0.1344614028930664,,,
1075,1075.0,0.15079332888126373,,,
1076,1076.0,0.16232681274414062,,,
1077,1077.0,0.11977877467870712,,,
1078,1078.0,0.13375622034072876,,,
1079,1079.0,0.11166726052761078,,,
1080,1080.0,0.15139099955558777,,,
1081,1081.0,0.14734740555286407,,,
1082,1082.0,0.13234606385231018,,,
1083,1083.0,0.16404186189174652,,,
1084,1084.0,0.12589873373508453,,,
1085,1085.0,0.17750446498394012,,,
1086,1086.0,0.14775900542736053,,,
1087,1087.0,0.10773219913244247,,,
1088,1088.0,0.15040770173072815,,,
1089,1089.0,0.13086412847042084,,,
1090,1090.0,0.13093173503875732,,,
1091,1091.0,0.10507660359144211,,,
1092,1092.0,0.18273134529590607,,,
1093,1093.0,0.11189436912536621,,,
1094,1094.0,0.10023579746484756,,,
1095,1095.0,0.11657494306564331,,,
1096,1096.0,0.11220742762088776,,,
1097,1097.0,0.156670942902565,,,
1098,1098.0,0.159618079662323,,,
1099,1099.0,0.11918935179710388,,,
1100,1100.0,0.12088949233293533,,,
1101,1101.0,0.10510290414094925,,,
1102,1102.0,0.11514634639024734,,,
1103,1103.0,0.14493946731090546,,,
1104,1104.0,0.1447574496269226,,,
1105,1105.0,0.16808271408081055,,,
1106,1106.0,0.12885189056396484,,,
1107,1107.0,0.15651483833789825,,,
1108,1108.0,0.12542018294334412,,,
1109,1109.0,0.14048908650875092,,,
1110,1110.0,0.13146120309829712,,,
1111,1111.0,0.14788974821567535,,,
1112,1112.0,0.12971162796020508,,,
1113,1113.0,0.15365096926689148,,,
1114,1114.0,0.11985357105731964,,,
1115,1115.0,0.14818334579467773,,,
1116,1116.0,0.11162323504686356,,,
1117,1117.0,0.13524013757705688,,,
1118,1118.0,0.13091111183166504,,,
1119,1119.0,0.1235288754105568,,,
1120,1120.0,0.1137053444981575,,,
1121,1121.0,0.16959106922149658,0.02147353192170461,0.8636363636363636,0.8515151515151516
1122,1122.0,0.12775829434394836,,,
1123,1123.0,0.10014230012893677,,,
1124,1124.0,0.1764184683561325,,,
1125,1125.0,0.14851166307926178,,,
1126,1126.0,0.14519666135311127,,,
1127,1127.0,0.11008936166763306,,,
1128,1128.0,0.1449044793844223,,,
1129,1129.0,0.14845868945121765,,,
1130,1130.0,0.12761592864990234,,,
1131,1131.0,0.13050948083400726,,,
1132,1132.0,0.15486344695091248,,,
1133,1133.0,0.12840554118156433,,,
1134,1134.0,0.12076570838689804,,,
1135,1135.0,0.11435920000076294,,,
1136,1136.0,0.11559156328439713,,,
1137,1137.0,0.10755475610494614,,,
1138,1138.0,0.13482743501663208,,,
1139,1139.0,0.123816579580307,,,
1140,1140.0,0.1151541993021965,,,
1141,1141.0,0.15329183638095856,,,
1142,1142.0,0.12058626860380173,,,
1143,1143.0,0.10774669796228409,,,
1144,1144.0,0.11458572745323181,,,
1145,1145.0,0.1084146797657013,,,
1146,1146.0,0.1281019002199173,,,
1147,1147.0,0.11399240791797638,,,
1148,1148.0,0.1312246471643448,,,
1149,1149.0,0.12311581522226334,,,
1150,1150.0,0.11406272649765015,,,
1151,1151.0,0.13097770512104034,,,
1152,1152.0,0.13465508818626404,,,
1153,1153.0,0.12883219122886658,,,
1154,1154.0,0.13092747330665588,,,
1155,1155.0,0.1389428675174713,,,
1156,1156.0,0.12069302052259445,,,
1157,1157.0,0.10822241753339767,,,
1158,1158.0,0.14745621383190155,,,
1159,1159.0,0.15504176914691925,,,
1160,1160.0,0.12718430161476135,,,
1161,1161.0,0.16134940087795258,,,
1162,1162.0,0.11816073209047318,,,
1163,1163.0,0.12337665259838104,,,
1164,1164.0,0.14701639115810394,,,
1165,1165.0,0.14311495423316956,,,
1166,1166.0,0.11972542107105255,,,
1167,1167.0,0.14674466848373413,,,
1168,1168.0,0.14016979932785034,,,
1169,1169.0,0.13496249914169312,,,
1170,1170.0,0.13524116575717926,,,
1171,1171.0,0.1545187383890152,,,
1172,1172.0,0.11398632824420929,,,
1173,1173.0,0.14677894115447998,,,
1174,1174.0,0.1132369339466095,,,
1175,1175.0,0.12954889237880707,,,
1176,1176.0,0.12412618100643158,,,
1177,1177.0,0.12761688232421875,,,
1178,1178.0,0.12358557432889938,,,
1179,1179.0,0.12365274876356125,,,
1180,1180.0,0.11838991940021515,,,
1181,1181.0,0.13332094252109528,,,
1182,1182.0,0.11979589611291885,,,
1183,1183.0,0.1369899958372116,,,
1184,1184.0,0.148084819316864,,,
1185,1185.0,0.12631867825984955,,,
1186,1186.0,0.12685981392860413,,,
1187,1187.0,0.11308411508798599,0.021218286770762818,0.8712121212121212,0.8580808080808081
1188,1188.0,0.11935435235500336,,,
1189,1189.0,0.11094770580530167,,,
1190,1190.0,0.12642037868499756,,,
1191,1191.0,0.12420718371868134,,,
1192,1192.0,0.12810242176055908,,,
1193,1193.0,0.12879259884357452,,,
1194,1194.0,0.11280980706214905,,,
1195,1195.0,0.1361251026391983,,,
1196,1196.0,0.1348637342453003,,,
1197,1197.0,0.11941337585449219,,,
1198,1198.0,0.12965673208236694,,,
1199,1199.0,0.14673839509487152,,,
1200,1200.0,0.11169513314962387,,,
1201,1201.0,0.12979206442832947,,,
1202,1202.0,0.12004203349351883,,,
1203,1203.0,0.14282992482185364,,,
1204,1204.0,0.15873929858207703,,,
1205,1205.0,0.113158218562603,,,
1206,1206.0,0.12130820751190186,,,
1207,1207.0,0.1423664093017578,,,
1208,1208.0,0.1197679191827774,,,
1209,1209.0,0.13016222417354584,,,
1210,1210.0,0.11063344031572342,,,
1211,1211.0,0.12227161228656769,,,
1212,1212.0,0.11864566802978516,,,
1213,1213.0,0.11470352113246918,,,
1214,1214.0,0.12341130524873734,,,
1215,1215.0,0.12389478832483292,,,
1216,1216.0,0.10809023678302765,,,
1217,1217.0,0.11568833142518997,,,
1218,1218.0,0.12153467535972595,,,
1219,1219.0,0.11516397446393967,,,
1220,1220.0,0.1161687821149826,,,
1221,1221.0,0.11158017069101334,,,
1222,1222.0,0.1288776844739914,,,
1223,1223.0,0.12382940948009491,,,
1224,1224.0,0.13239537179470062,,,
1225,1225.0,0.14057761430740356,,,
1226,1226.0,0.09917349368333817,,,
1227,1227.0,0.15856397151947021,,,
1228,1228.0,0.09932660311460495,,,
1229,1229.0,0.13826881349086761,,,
1230,1230.0,0.12662529945373535,,,
1231,1231.0,0.10260609537363052,,,
1232,1232.0,0.12750524282455444,,,
1233,1233.0,0.1075325608253479,,,
1234,1234.0,0.1140509620308876,,,
1235,1235.0,0.14490345120429993,,,
1236,1236.0,0.16594834625720978,,,
1237,1237.0,0.132698193192482,,,
1238,1238.0,0.13582272827625275,,,
1239,1239.0,0.12940722703933716,,,
1240,1240.0,0.11403241753578186,,,
1241,1241.0,0.1383233368396759,,,
1242,1242.0,0.14809758961200714,,,
1243,1243.0,0.1263100951910019,,,
1244,1244.0,0.1002064049243927,,,
1245,1245.0,0.0955570712685585,,,
1246,1246.0,0.12962085008621216,,,
1247,1247.0,0.1265154331922531,,,
1248,1248.0,0.14023210108280182,,,
1249,1249.0,0.12685875594615936,,,
1250,1250.0,0.13658365607261658,,,
1251,1251.0,0.12811782956123352,,,
1252,1252.0,0.12035530060529709,,,
1253,1253.0,0.11230555176734924,0.02112581479278478,0.8712121212121212,0.8580808080808081
1254,1254.0,0.09265387058258057,,,
1255,1255.0,0.13126878440380096,,,
1256,1256.0,0.1376711130142212,,,
1257,1257.0,0.12531469762325287,,,
1258,1258.0,0.10992520302534103,,,
1259,1259.0,0.10682263970375061,,,
1260,1260.0,0.09442222863435745,,,
1261,1261.0,0.12460872530937195,,,
1262,1262.0,0.10640807449817657,,,
1263,1263.0,0.13605229556560516,,,
1264,1264.0,0.11106900870800018,,,
1265,1265.0,0.09725597500801086,,,
1266,1266.0,0.12425395101308823,,,
1267,1267.0,0.1231778934597969,,,
1268,1268.0,0.11228479444980621,,,
1269,1269.0,0.09796731919050217,,,
1270,1270.0,0.1430021971464157,,,
1271,1271.0,0.12720699608325958,,,
1272,1272.0,0.1184762641787529,,,
1273,1273.0,0.1787267029285431,,,
1274,1274.0,0.16403809189796448,,,
1275,1275.0,0.1405911147594452,,,
1276,1276.0,0.11380860209465027,,,
1277,1277.0,0.15135182440280914,,,
1278,1278.0,0.15346859395503998,,,
1279,1279.0,0.12273350358009338,,,
1280,1280.0,0.10098322480916977,,,
1281,1281.0,0.13144850730895996,,,
1282,1282.0,0.10275968909263611,,,
1283,1283.0,0.1420237421989441,,,
1284,1284.0,0.12163054198026657,,,
1285,1285.0,0.1351669877767563,,,
1286,1286.0,0.15613462030887604,,,
1287,1287.0,0.10119147598743439,,,
1288,1288.0,0.11178076267242432,,,
1289,1289.0,0.10603831708431244,,,
1290,1290.0,0.15149760246276855,,,
1291,1291.0,0.11391224712133408,,,
1292,1292.0,0.13076746463775635,,,
1293,1293.0,0.1255924105644226,,,
1294,1294.0,0.14524434506893158,,,
1295,1295.0,0.14179731905460358,,,
1296,1296.0,0.13385644555091858,,,
1297,1297.0,0.12692196667194366,,,
1298,1298.0,0.13706247508525848,,,
1299,1299.0,0.13249701261520386,,,
1300,1300.0,0.10374659299850464,,,
1301,1301.0,0.13375847041606903,,,
1302,1302.0,0.11061049997806549,,,
1303,1303.0,0.12354809045791626,,,
1304,1304.0,0.08717849850654602,,,
1305,1305.0,0.12998704612255096,,,
1306,1306.0,0.11896201223134995,,,
1307,1307.0,0.13638731837272644,,,
1308,1308.0,0.11928889155387878,,,
1309,1309.0,0.12090510129928589,,,
1310,1310.0,0.13840728998184204,,,
1311,1311.0,0.11812351644039154,,,
1312,1312.0,0.10855225473642349,,,
1313,1313.0,0.14250193536281586,,,
1314,1314.0,0.1243916004896164,,,
1315,1315.0,0.12149374186992645,,,
1316,1316.0,0.14369551837444305,,,
1317,1317.0,0.0890127420425415,,,
1318,1318.0,0.11709864437580109,,,
1319,1319.0,0.11537213623523712,0.02114244256958817,0.8787878787878788,0.8580808080808081
